id_usuario,nombres,apellidos,cedula,telefono,email,departamento,ciudad,barrio,direccion,experiencia_anos,sector,aspiracion,nivel_ingles_autoreporte,seniority_autoreporte,regimen_vinculacion,perfil_objetivo_id,fecha_registro
1,María,Sánchez Sánchez,89254563,3614265799,,Cauca,Popayán,Centro,Carrera 30 # 65-78,0,Telecom,BI Developer Senior,C1,Junior,Contratista,10,2025-04-20 06:48:39
2,Marcela,Moreno Álvarez,138474963,3523718431,marcela.moreno@hotmail.com,Santander,Bucaramanga,Cabecera,Calle 46 # 109-45,9,Energía,Científico de Datos,C1,Senior,Empleado,7,2024-11-16 09:54:08
3,David,Castro Guerrero,98753260,3348840994,david.castro@gmail.com,Cundinamarca,Soacha,San Humberto,Carrera 111 # 13-49,4,Educación,BI Developer Senior,B2,Junior,Contratista,6,2025-02-25 22:27:15
4,Cristian,Suárez Martínez,31931511,3760929647,cristian.suárez@hotmail.com,Cauca,Popayán,La Esmeralda,Carrera 88 # 42-8,3,Retail,Analista Senior,C1,Semisenior,Empleado,4,2025-05-18 14:58:52
5,Laura,Suárez Gómez,43101783,3882340307,laura.suárez19@hotmail.com,Antioquia,Medellín,Buenos Aires,Diagonal 115 # 75-52,5,Telecom,Ingeniero de Datos,C1,Junior,Empleado,2,2025-01-12 22:07:44
6,Camilo,Mendoza Martínez,81016525,3484252722,camilo.mendoza50@empresa.com.co,Cauca,Popayán,Bolívar,Calle 88 # 93-15,10,Energía,BI Developer Senior,B2,Junior,Contratista,7,2025-01-17 01:14:04
7,Mariana,Ramírez Ortega,126839024,3495758349,mariana.ramírez@gmail.com,Atlántico,Barranquilla,Riomar,Carrera 20 # 48-21,8,Retail,Gerente de Producto de Datos,B2,Semisenior,Empleado,2,2025-06-25 03:24:43
8,Carlos Tomás,Guerrero Martínez,112086294,3826879290,carlos.guerrero11@gmail.com,Santander,Bucaramanga,Cabuya,Diagonal 71 # 22-34,8,Tecnología,Ingeniero de Datos,B1,Senior,Contratista,7,2025-07-03 06:01:22
9,Paula José,Martínez Álvarez,10965138,3194705205,paula.martínez@hotmail.com,Atlántico,Barranquilla,Sur Oriente,Calle 116 # 5-43,1,Telecom,Analista Senior,C1,Junior,Freelancer,3,2025-09-18 08:11:12
10,Camilo,López López,66851760,3672682989,camilo.lópez85@outlook.com,Antioquia,Medellín,Buenos Aires,Calle 87 # 84-83,1,Retail,Líder Técnico,B2,Junior,Empleado,4,2025-02-10 22:42:40
11,Camila,Ramírez Gómez,118450909,3823141087,camila.ramírez@empresa.com.co,Cundinamarca,Soacha,El Danubio,Calle 12 # 119-31,2,Tecnología,Líder Técnico,C1,Junior,Contratista,1,2025-01-22 02:01:07
12,Laura Natalia,Gómez Torres,35487660,3439219319,laura.gómez55@hotmail.com,Atlántico,Barranquilla,Riomar,Calle 96 # 41-8,0,Educación,Gerente de Producto de Datos,B1,Junior,Freelancer,2,2025-02-07 12:59:19
13,Juan,Sánchez Vargas,93131979,3166267415,juan.sánchez@gmail.com,Bogotá D.C.,Bogotá,Teusaquillo,Transversal 120 # 34-27,10,Manufactura,Ingeniero de Datos,B2,Semisenior,Empleado,5,2025-09-06 08:14:38
14,María,Guerrero López,27778019,3519233013,maría.guerrero@outlook.com,Valle del Cauca,Cali,San Fernando,Transversal 37 # 21-57,8,Energía,Gerente de Producto de Datos,A2,Senior,Freelancer,5,2024-12-05 15:57:09
15,Ana,Cortés González,106316277,3537326368,ana.cortés35@hotmail.com,Antioquia,Medellín,Belén,Transversal 65 # 63-33,0,Finanzas,BI Developer Senior,C1,Semisenior,Empleado,1,2025-06-02 06:54:17
16,Tatiana,Pérez Gómez,25015458,3130005727,tatiana.pérez71@gmail.com,Santander,Bucaramanga,Real de Minas,Transversal 75 # 71-19,6,Salud,Científico de Datos,B2,Semisenior,Empleado,6,2025-02-26 09:04:14
17,Miguel Natalia,Cortés Moreno,126045412,3233763566,miguel.cortés@hotmail.com,Cauca,Popayán,Bolívar,Calle 23 # 95-43,6,Telecom,Analista Senior,B1,Senior,Empleado,7,2024-10-16 06:50:21
18,Carlos Tomás,Gómez Castro,13176186,3363481198,carlos.gómez@hotmail.com,Santander,Bucaramanga,La Concordia,Calle 99 # 36-45,10,Tecnología,BI Developer Senior,B2,Junior,Empleado,5,2025-02-01 21:42:20
19,Daniel Esteban,Castro Álvarez,130729481,3935511941,daniel.castro@empresa.com.co,Cundinamarca,Soacha,San Humberto,Diagonal 1 # 67-69,10,Telecom,Analista Senior,C1,Junior,Freelancer,6,2025-05-18 00:46:19
20,Mariana,Ortega Torres,64009265,3484411983,mariana.ortega86@outlook.com,Cauca,Popayán,Centro,Diagonal 86 # 49-87,2,Energía,Líder Técnico,A2,Semisenior,Contratista,4,2025-08-16 02:39:22
21,Paula,Vera Hernández,98429450,3148089166,paula.vera66@hotmail.com,Santander,Bucaramanga,Cabuya,Transversal 12 # 105-31,10,Energía,Ingeniero de Datos,B1,Junior,Empleado,1,2025-03-25 09:09:21
22,Verónica,Gómez Moreno,76354180,3642747037,verónica.gómez@empresa.com.co,Atlántico,Barranquilla,Sur Oriente,Calle 115 # 97-14,6,Telecom,Ingeniero de Datos,C1,Junior,Freelancer,4,2024-12-19 11:14:54
23,Camilo,Ortega Cortés,92228802,3867276174,camilo.ortega77@empresa.com.co,Atlántico,Barranquilla,Alto Prado,Diagonal 115 # 21-61,7,Energía,Ingeniero de Datos,B2,Senior,Contratista,4,2025-04-17 11:49:39
24,Cristian María,Álvarez Álvarez,30244148,3361410126,cristian.álvarez@hotmail.com,Atlántico,Barranquilla,Riomar,Carrera 9 # 54-53,5,Educación,Líder Técnico,A2,Junior,Contratista,7,2024-10-01 09:03:44
25,Sebastián Santiago,Torres Vargas,39450273,3468496914,sebastián.torres@empresa.com.co,Santander,Bucaramanga,La Concordia,Diagonal 44 # 86-87,6,Salud,Líder Técnico,B1,Senior,Freelancer,1,2025-07-19 06:01:48
26,Juan,González Gómez,60882459,3538408562,juan.gonzález@outlook.com,Cundinamarca,Soacha,San Mateo,Transversal 98 # 113-49,4,Tecnología,Analista Senior,A2,Semisenior,Empleado,9,2024-10-26 15:54:22
27,Tatiana Elena,Rodríguez García,93394260,3242016960,tatiana.rodríguez@gmail.com,Valle del Cauca,Cali,San Antonio,Calle 73 # 28-60,4,Manufactura,Ingeniero de Datos,A2,Junior,Contratista,2,2024-10-06 03:38:26
28,Miguel,Vargas Vargas,89470029,3323676961,miguel.vargas@gmail.com,Valle del Cauca,Cali,Ciudad Jardín,Transversal 109 # 88-77,1,Retail,Analista Senior,C1,Senior,Contratista,2,2025-10-14 04:45:10
29,María,Rojas López,104933359,3268450095,maría.rojas56@empresa.com.co,Cauca,Popayán,La Esmeralda,Transversal 79 # 104-69,7,Educación,Líder Técnico,B2,Semisenior,Empleado,2,2025-04-20 20:33:34
30,Marcela,Mendoza Vera,76344695,3534406132,marcela.mendoza49@gmail.com,Atlántico,Barranquilla,Alto Prado,Transversal 103 # 34-44,4,Energía,Gerente de Producto de Datos,A2,Senior,Empleado,2,2025-03-22 16:09:47
31,Sebastián,Sánchez Rojas,116425648,3022489409,sebastián.sánchez83@empresa.com.co,Cauca,Popayán,Valle del Ortigal,Diagonal 89 # 32-40,10,Manufactura,Líder Técnico,B2,Semisenior,Freelancer,9,2025-05-31 03:21:25
32,Valentina José,López Hernández,35708194,3374988034,valentina.lópez@hotmail.com,Valle del Cauca,Cali,El Ingenio,Transversal 13 # 107-25,4,Telecom,Analista Senior,B1,Semisenior,Empleado,9,2024-12-23 12:38:15
33,Daniel,González Suárez,127134460,3087049595,daniel.gonzález97@gmail.com,Valle del Cauca,Cali,San Fernando,Diagonal 57 # 44-24,0,Energía,Líder Técnico,A2,Junior,Contratista,8,2024-11-12 17:57:07
34,Camila Ricardo,Torres Martínez,91378577,3993002706,camila.torres@empresa.com.co,Cundinamarca,Soacha,San Mateo,Diagonal 58 # 117-57,4,Tecnología,Analista Senior,A2,Senior,Freelancer,2,2025-02-24 14:24:27
35,Valentina,Pérez Sánchez,10359129,3670465583,valentina.pérez@hotmail.com,Cauca,Popayán,Bolívar,Diagonal 38 # 5-30,4,Energía,BI Developer Senior,C1,Junior,Freelancer,4,2025-04-09 16:36:57
36,Nicolás José,Suárez González,18004482,3251286958,nicolás.suárez@gmail.com,Santander,Bucaramanga,Real de Minas,Transversal 57 # 16-60,4,Tecnología,Analista Senior,C1,Semisenior,Empleado,10,2024-10-17 04:01:08
37,Diana Andrés,Sánchez Vera,87342561,3033513701,diana.sánchez@outlook.com,Atlántico,Barranquilla,El Prado,Diagonal 118 # 36-24,9,Tecnología,BI Developer Senior,C1,Junior,Contratista,6,2025-07-30 09:07:13
38,Miguel Paola,Álvarez Moreno,98930456,3683832717,miguel.álvarez89@outlook.com,Valle del Cauca,Cali,Granada,Calle 41 # 33-42,1,Tecnología,Gerente de Producto de Datos,A2,Senior,Freelancer,8,2025-08-03 04:27:12
39,Manuela Natalia,Rojas Suárez,45843681,3827584297,manuela.rojas@hotmail.com,Bogotá D.C.,Bogotá,Suba,Diagonal 113 # 90-63,1,Retail,BI Developer Senior,B1,Senior,Empleado,5,2024-09-26 19:52:14
40,Juan Ximena,López Gómez,135178574,3478299645,juan.lópez@empresa.com.co,Cundinamarca,Soacha,El Danubio,Diagonal 107 # 62-61,3,Educación,Gerente de Producto de Datos,B1,Semisenior,Empleado,10,2025-10-15 23:15:25
41,Verónica Natalia,Moreno Álvarez,47962005,3488777447,verónica.moreno65@gmail.com,Cauca,Popayán,Bolívar,Diagonal 111 # 20-58,8,Educación,Analista Senior,B2,Senior,Freelancer,7,2025-09-04 21:11:56
42,Cristian Esteban,Sánchez Moreno,104654083,3661818612,cristian.sánchez6@empresa.com.co,Valle del Cauca,Cali,San Antonio,Carrera 64 # 5-17,8,Manufactura,Científico de Datos,C1,Junior,Freelancer,8,2024-09-28 03:03:36
43,Nicolás,González Martínez,93652460,3697219599,nicolás.gonzález61@outlook.com,Cauca,Popayán,Bolívar,Transversal 110 # 87-69,6,Manufactura,BI Developer Senior,C1,Senior,Empleado,10,2024-11-08 08:24:55
44,Carlos,Moreno López,32329103,3413885234,carlos.moreno@empresa.com.co,Antioquia,Medellín,Belén,Calle 38 # 46-48,6,Salud,Ingeniero de Datos,C1,Senior,Freelancer,3,2025-01-26 05:41:06
45,Diana,Mendoza Vera,41163805,3795618110,diana.mendoza31@hotmail.com,Antioquia,Medellín,El Poblado,Transversal 86 # 2-60,4,Salud,Científico de Datos,C1,Semisenior,Freelancer,5,2025-08-11 18:39:07
46,Paula,Hernández Vargas,61185849,3958178682,paula.hernández@hotmail.com,Cauca,Popayán,La Esmeralda,Transversal 3 # 107-85,6,Energía,Científico de Datos,A2,Senior,Freelancer,8,2025-04-26 12:00:21
47,Diana,Sánchez Suárez,94322033,3194216001,diana.sánchez25@hotmail.com,Santander,Bucaramanga,Real de Minas,Transversal 101 # 57-5,9,Manufactura,BI Developer Senior,B1,Junior,Contratista,6,2025-08-04 22:29:57
48,Camila,Castro Ortega,44489940,3749613214,camila.castro65@hotmail.com,Antioquia,Medellín,Laureles,Transversal 103 # 15-60,1,Salud,Ingeniero de Datos,C1,Senior,Contratista,2,2025-07-19 16:21:47
49,Gabriela Santiago,Vera Vera,24541967,3373280554,,Bogotá D.C.,Bogotá,Usaquén,Transversal 118 # 79-29,10,Finanzas,BI Developer Senior,C1,Senior,Contratista,7,2024-12-15 19:57:26
50,Daniel Antonia,López López,70887034,3599991136,daniel.lópez@empresa.com.co,Antioquia,Medellín,El Poblado,Diagonal 76 # 96-20,6,Finanzas,Líder Técnico,C1,Semisenior,Empleado,6,2025-03-03 23:09:38
51,Carlos,López Vera,63437398,3435475673,carlos.lópez48@gmail.com,Atlántico,Barranquilla,Villa Carolina,Diagonal 12 # 85-28,10,Retail,Científico de Datos,B2,Junior,Empleado,10,2025-02-22 14:16:10
52,Sofía,Sánchez Álvarez,125213319,3227447248,sofía.sánchez@outlook.com,Bogotá D.C.,Bogotá,Teusaquillo,Carrera 15 # 85-4,2,Retail,Analista Senior,B1,Senior,Contratista,1,2025-01-29 13:08:41
53,Camila,Ortega López,70166480,3578885632,camila.ortega@empresa.com.co,Valle del Cauca,Cali,San Fernando,Diagonal 65 # 29-79,0,Energía,Líder Técnico,A2,Junior,Contratista,7,2025-08-13 07:16:35
54,Sebastián,Gómez Martínez,18815720,3246912022,sebastián.gómez11@hotmail.com,Cauca,Popayán,Centro,Transversal 49 # 77-68,4,Educación,Gerente de Producto de Datos,C1,Junior,Freelancer,2,2025-03-02 05:16:50
55,Paulo Santiago,Gómez Vargas,67279295,3599269266,paulo.gómez@outlook.com,Atlántico,Barranquilla,Villa Carolina,Carrera 88 # 119-61,1,Finanzas,Científico de Datos,A2,Semisenior,Empleado,6,2024-12-26 06:29:17
56,Jorge,Cortés Álvarez,57459130,3616904975,jorge.cortés@empresa.com.co,Cundinamarca,Soacha,San Mateo,Transversal 46 # 14-74,8,Telecom,Ingeniero de Datos,C1,Junior,Empleado,6,2025-06-28 16:47:41
57,Jorge Esteban,Cortés Mendoza,13886030,3246677730,jorge.cortés@outlook.com,Bogotá D.C.,Bogotá,Usaquén,Transversal 118 # 44-45,0,Salud,Ingeniero de Datos,C1,Junior,Empleado,1,2024-11-26 11:26:50
58,Laura,Álvarez Pérez,114265111,3990023800,laura.álvarez48@outlook.com,Cauca,Popayán,Bolívar,Calle 20 # 21-80,0,Finanzas,Analista Senior,C1,Senior,Contratista,8,2025-08-25 13:15:40
59,Sofía,López Castro,101028864,3975314742,sofía.lópez@outlook.com,Atlántico,Barranquilla,El Prado,Transversal 6 # 29-51,9,Retail,Científico de Datos,B1,Semisenior,Empleado,3,2025-04-02 16:11:20
60,Ana Fernando,Moreno Pérez,77144075,3899663907,ana.moreno17@hotmail.com,Valle del Cauca,Cali,Granada,Calle 51 # 111-6,6,Retail,Líder Técnico,A2,Semisenior,Freelancer,7,2025-07-27 07:56:57
61,Julián Alejandra,Álvarez Pérez,21828592,3624208709,julián.álvarez80@outlook.com,Cauca,Popayán,Valle del Ortigal,Diagonal 68 # 11-51,4,Manufactura,Ingeniero de Datos,B2,Junior,Empleado,9,2024-12-13 18:34:15
62,Paulo,Castro Suárez,29655410,3436477373,paulo.castro@gmail.com,Cundinamarca,Soacha,Ciudad Verde,Carrera 98 # 98-84,1,Salud,BI Developer Senior,C1,Semisenior,Freelancer,10,2025-08-30 21:09:38
63,Verónica,Álvarez González,69352161,3446866075,verónica.álvarez@empresa.com.co,Cauca,Popayán,La Esmeralda,Transversal 65 # 10-40,7,Educación,Científico de Datos,A2,Semisenior,Contratista,2,2024-11-25 08:12:32
64,Paula,Rodríguez Gómez,91202508,3777292380,paula.rodríguez@outlook.com,Cundinamarca,Soacha,El Danubio,Calle 58 # 14-44,1,Salud,Científico de Datos,B1,Senior,Contratista,8,2025-01-17 12:12:14
65,Julia Esteban,Álvarez Vera,18846539,3522684373,julia.álvarez@outlook.com,Valle del Cauca,Cali,Granada,Diagonal 37 # 33-85,9,Salud,Analista Senior,A2,Senior,Freelancer,3,2025-06-14 22:05:32
66,Camila,Martínez Torres,119143814,3299941500,camila.martínez72@outlook.com,Valle del Cauca,Cali,El Ingenio,Calle 83 # 86-55,8,Manufactura,Científico de Datos,B2,Semisenior,Empleado,4,2025-06-08 15:18:46
67,Sofía Paola,González Martínez,98842638,3592950779,sofía.gonzález@gmail.com,Santander,Bucaramanga,La Concordia,Diagonal 20 # 21-24,9,Salud,BI Developer Senior,C1,Junior,Contratista,6,2025-03-19 16:50:38
68,Julián,Gómez Sánchez,139600186,3736040410,julián.gómez@outlook.com,Atlántico,Barranquilla,Sur Oriente,Diagonal 60 # 99-37,6,Tecnología,Ingeniero de Datos,B1,Senior,Empleado,5,2024-10-26 17:39:44
69,Verónica Tomás,López Ortega,112423807,3246613428,verónica.lópez16@gmail.com,Cauca,Popayán,Valle del Ortigal,Carrera 107 # 56-12,3,Educación,Analista Senior,A2,Semisenior,Empleado,7,2025-10-11 03:03:04
70,Laura,Castro Sánchez,122632334,3529602406,laura.castro4@gmail.com,Valle del Cauca,Cali,San Antonio,Transversal 118 # 107-61,2,Educación,Líder Técnico,A2,Junior,Empleado,5,2025-03-02 17:03:21
71,Gabriela,Mendoza Ortega,41895531,3426354208,gabriela.mendoza@outlook.com,Santander,Bucaramanga,Real de Minas,Diagonal 82 # 102-80,7,Finanzas,Científico de Datos,C1,Senior,Freelancer,1,2025-03-23 03:00:50
72,Julián,Mendoza Castro,99170406,3180260907,julián.mendoza31@hotmail.com,Cauca,Popayán,Bolívar,Calle 68 # 70-65,8,Retail,Líder Técnico,C1,Junior,Freelancer,7,2025-07-03 03:49:16
73,Felipe,Castro Sánchez,27905932,3057284777,felipe.castro@outlook.com,Valle del Cauca,Cali,San Fernando,Carrera 107 # 100-88,7,Educación,BI Developer Senior,B1,Junior,Empleado,8,2024-10-14 22:23:17
74,Daniel,Rodríguez Álvarez,43999198,3096825515,daniel.rodríguez40@empresa.com.co,Valle del Cauca,Cali,San Antonio,Transversal 111 # 100-7,10,Manufactura,Analista Senior,A2,Semisenior,Contratista,7,2025-08-23 18:14:42
75,Andrés,Rojas Castro,107587203,3620593403,andrés.rojas67@gmail.com,Atlántico,Barranquilla,El Prado,Carrera 70 # 38-42,1,Finanzas,Analista Senior,B2,Semisenior,Contratista,10,2025-08-13 04:20:22
76,Felipe,Castro Mendoza,20071854,3658762794,felipe.castro56@gmail.com,Antioquia,Medellín,Buenos Aires,Carrera 4 # 19-78,10,Educación,Científico de Datos,B1,Junior,Empleado,6,2025-06-24 11:56:11
77,Daniel,Vera Gómez,112419464,3187030477,daniel.vera48@empresa.com.co,Atlántico,Barranquilla,Sur Oriente,Transversal 51 # 41-84,4,Telecom,Científico de Datos,A2,Senior,Empleado,8,2025-07-13 18:55:40
78,Valentina,Gómez Hernández,36867482,3128217159,valentina.gómez79@empresa.com.co,Cundinamarca,Soacha,San Mateo,Diagonal 23 # 116-57,1,Manufactura,BI Developer Senior,B2,Senior,Empleado,9,2025-04-29 17:42:19
79,Cristian,Suárez Pérez,36975128,3241774192,cristian.suárez@gmail.com,Valle del Cauca,Cali,San Antonio,Calle 47 # 71-74,5,Educación,Gerente de Producto de Datos,B1,Senior,Empleado,2,2025-05-14 10:33:25
80,Manuela,Moreno Guerrero,96213226,3170394554,manuela.moreno@outlook.com,Atlántico,Barranquilla,Villa Carolina,Transversal 17 # 113-71,10,Salud,Ingeniero de Datos,C1,Senior,Empleado,2,2025-01-13 01:22:31
81,Andrés Fernando,Sánchez Castro,43635675,3395235919,andrés.sánchez67@gmail.com,Valle del Cauca,Cali,San Antonio,Transversal 17 # 81-39,9,Finanzas,Gerente de Producto de Datos,B1,Senior,Freelancer,3,2025-01-27 04:22:16
82,David,Rodríguez García,97393186,3386790955,david.rodríguez@outlook.com,Cauca,Popayán,La Esmeralda,Calle 64 # 114-81,8,Energía,BI Developer Senior,B2,Semisenior,Empleado,7,2025-05-05 05:31:46
83,Cristian Antonia,Moreno Rojas,91424562,3251954112,cristian.moreno@outlook.com,Atlántico,Barranquilla,Riomar,Transversal 94 # 111-45,6,Salud,Analista Senior,A2,Semisenior,Empleado,8,2024-12-20 08:56:03
84,Carlos Alejandra,Torres Vargas,139209507,3253947691,carlos.torres79@hotmail.com,Valle del Cauca,Cali,El Ingenio,Transversal 25 # 98-21,7,Educación,Líder Técnico,B2,Semisenior,Empleado,2,2025-07-18 15:31:33
85,Carlos Santiago,Rodríguez Rodríguez,48352498,3811097552,carlos.rodríguez37@empresa.com.co,Cundinamarca,Soacha,El Danubio,Diagonal 18 # 113-34,5,Tecnología,Analista Senior,A2,Semisenior,Empleado,10,2025-02-14 09:35:53
86,Julián Isabel,Gómez Cortés,22976369,3660089832,julián.gómez@hotmail.com,Valle del Cauca,Cali,Ciudad Jardín,Transversal 72 # 47-19,3,Tecnología,Gerente de Producto de Datos,A2,Junior,Empleado,3,2025-06-01 21:17:20
87,Manuela,Mendoza Ortega,31810655,3692745294,manuela.mendoza18@outlook.com,Santander,Bucaramanga,La Concordia,Transversal 76 # 44-65,8,Educación,BI Developer Senior,B2,Semisenior,Empleado,6,2025-05-31 11:42:49
88,Nicolás,Suárez García,139798031,3987528776,nicolás.suárez77@outlook.com,Cauca,Popayán,Centro,Calle 75 # 62-22,8,Tecnología,Ingeniero de Datos,B1,Junior,Freelancer,2,2025-02-11 09:26:16
89,Luisa,Moreno Hernández,104727548,3279616482,luisa.moreno53@gmail.com,Bogotá D.C.,Bogotá,Kennedy,Transversal 85 # 62-68,6,Manufactura,Ingeniero de Datos,C1,Senior,Contratista,9,2025-06-18 09:20:54
90,Diana,Sánchez Ramírez,136364050,3448789478,diana.sánchez72@hotmail.com,Cauca,Popayán,La Esmeralda,Diagonal 41 # 62-45,8,Energía,Analista Senior,A2,Senior,Freelancer,9,2025-07-08 02:58:22
91,Marcela,Torres Rodríguez,134018473,3798043078,marcela.torres@outlook.com,Atlántico,Barranquilla,El Prado,Diagonal 28 # 26-69,4,Energía,Ingeniero de Datos,A2,Senior,Freelancer,10,2025-03-21 01:30:04
92,Miguel,Sánchez Suárez,65472370,3573404979,miguel.sánchez@gmail.com,Antioquia,Medellín,El Poblado,Carrera 1 # 71-21,6,Educación,Líder Técnico,B1,Semisenior,Contratista,5,2024-11-01 03:49:50
93,Tatiana,Cortés Rodríguez,135348970,3063283709,tatiana.cortés23@hotmail.com,Santander,Bucaramanga,Cabecera,Carrera 120 # 96-38,0,Retail,Analista Senior,A2,Semisenior,Contratista,8,2025-10-04 20:09:18
94,Paula Natalia,López Álvarez,106448614,3211890348,paula.lópez21@outlook.com,Antioquia,Medellín,Robledo,Transversal 73 # 87-25,2,Tecnología,Líder Técnico,B2,Junior,Contratista,2,2025-02-06 17:31:53
95,Luisa,García Ramírez,111167505,3454241559,luisa.garcía@empresa.com.co,Antioquia,Medellín,Buenos Aires,Calle 34 # 84-47,3,Retail,BI Developer Senior,A2,Semisenior,Contratista,3,2025-07-28 02:28:25
96,Cristian Tomás,Torres Castro,138494756,3274180488,cristian.torres@hotmail.com,Cauca,Popayán,La Esmeralda,Transversal 54 # 90-71,7,Telecom,Ingeniero de Datos,A2,Senior,Contratista,9,2025-06-24 05:07:08
97,Ana Isabel,Ortega Hernández,54039203,3869302835,ana.ortega@hotmail.com,Bogotá D.C.,Bogotá,Teusaquillo,Carrera 92 # 75-63,1,Educación,Científico de Datos,C1,Junior,Freelancer,7,2025-09-06 00:18:03
98,Gabriela,Torres García,110100183,3387619624,gabriela.torres51@gmail.com,Cundinamarca,Soacha,San Mateo,Diagonal 45 # 90-9,8,Retail,Científico de Datos,C1,Junior,Contratista,7,2025-02-03 00:03:19
99,Marcela,Suárez Moreno,126718458,3660418290,marcela.suárez48@empresa.com.co,Santander,Bucaramanga,Real de Minas,Carrera 84 # 111-45,1,Salud,Gerente de Producto de Datos,C1,Senior,Empleado,4,2024-09-18 21:42:25
100,Julián,Cortés Moreno,43220503,3756460773,julián.cortés69@hotmail.com,Santander,Bucaramanga,Cabecera,Carrera 120 # 113-15,0,Tecnología,Gerente de Producto de Datos,A2,Junior,Empleado,2,2024-12-03 13:48:40
101,Paula,Rodríguez Sánchez,68916591,3382445335,paula.rodríguez@empresa.com.co,Cundinamarca,Soacha,San Mateo,Calle 18 # 65-38,3,Manufactura,Gerente de Producto de Datos,B2,Junior,Contratista,3,2025-03-06 21:29:44
102,Valentina Ricardo,Pérez Suárez,16292676,3596344420,valentina.pérez87@empresa.com.co,Atlántico,Barranquilla,El Prado,Transversal 90 # 54-53,2,Energía,Líder Técnico,B1,Senior,Contratista,4,2025-03-10 05:41:13
103,Camilo,Rodríguez Cortés,62132722,3344224936,camilo.rodríguez53@hotmail.com,Valle del Cauca,Cali,San Antonio,Calle 119 # 58-48,1,Telecom,Científico de Datos,B2,Semisenior,Freelancer,10,2024-10-16 22:10:48
104,Sofía,Guerrero Vera,38036618,3550693207,sofía.guerrero@empresa.com.co,Santander,Bucaramanga,Cabecera,Calle 28 # 120-25,1,Educación,Ingeniero de Datos,B1,Semisenior,Empleado,9,2025-05-24 00:17:54
105,Laura,Suárez Castro,78829070,3772546007,laura.suárez40@outlook.com,Santander,Bucaramanga,Cabuya,Diagonal 98 # 108-41,3,Manufactura,Analista Senior,C1,Junior,Freelancer,4,2025-01-07 13:09:24
106,Gabriela,Guerrero Moreno,54273769,3360981231,gabriela.guerrero@hotmail.com,Bogotá D.C.,Bogotá,Usaquén,Carrera 64 # 71-84,10,Manufactura,Analista Senior,C1,Senior,Freelancer,8,2025-09-09 03:26:07
107,Andrés Isabel,Rojas Pérez,122617866,3199686372,andrés.rojas@gmail.com,Antioquia,Medellín,Belén,Calle 53 # 18-81,3,Finanzas,BI Developer Senior,B1,Junior,Empleado,9,2025-09-05 09:35:47
108,Diana,Mendoza Rojas,10887495,3884040345,diana.mendoza85@gmail.com,Valle del Cauca,Cali,San Fernando,Calle 68 # 93-36,8,Energía,Científico de Datos,C1,Junior,Empleado,2,2025-01-09 20:36:38
109,Diana,Castro Ramírez,138754770,3671605634,diana.castro@outlook.com,Antioquia,Medellín,Laureles,Carrera 39 # 88-11,10,Retail,Científico de Datos,C1,Semisenior,Contratista,9,2025-09-20 22:20:18
110,María,Martínez Rojas,130096843,3815711200,maría.martínez56@gmail.com,Bogotá D.C.,Bogotá,Engativá,Diagonal 35 # 6-10,10,Energía,Gerente de Producto de Datos,A2,Junior,Contratista,1,2025-02-24 02:40:02
111,Marcela,Vargas Martínez,86060638,3682553061,marcela.vargas@hotmail.com,Cundinamarca,Soacha,Ciudad Verde,Carrera 102 # 89-11,8,Manufactura,Científico de Datos,A2,Semisenior,Empleado,2,2025-06-07 18:04:09
112,Marcela Elena,Ramírez Gómez,84227466,3667961650,marcela.ramírez@outlook.com,Cundinamarca,Soacha,El Danubio,Diagonal 11 # 99-80,4,Telecom,BI Developer Senior,A2,Junior,Contratista,3,2025-07-08 08:40:24
113,Mariana Santiago,López Martínez,58307308,3423721268,mariana.lópez1@empresa.com.co,Cauca,Popayán,Bolívar,Carrera 56 # 58-72,8,Tecnología,Científico de Datos,A2,Junior,Contratista,9,2024-11-27 11:48:13
114,Verónica María,Moreno Vargas,101981555,3632750139,verónica.moreno@hotmail.com,Cundinamarca,Soacha,San Humberto,Transversal 35 # 64-19,1,Salud,Líder Técnico,B2,Semisenior,Contratista,8,2024-11-14 22:52:42
115,Carlos,Rojas Mendoza,24357588,3250890504,,Valle del Cauca,Cali,Granada,Diagonal 43 # 108-80,6,Manufactura,Líder Técnico,B2,Semisenior,Freelancer,10,2024-12-30 22:30:15
116,Diana,Hernández Rojas,52833932,3494946730,diana.hernández@empresa.com.co,Valle del Cauca,Cali,Granada,Carrera 42 # 49-36,6,Manufactura,Científico de Datos,B1,Senior,Freelancer,3,2024-10-07 02:42:46
117,Cristian Natalia,Torres Martínez,95004924,3442483531,cristian.torres53@hotmail.com,Cauca,Popayán,Valle del Ortigal,Carrera 92 # 55-49,1,Educación,Gerente de Producto de Datos,C1,Senior,Contratista,9,2025-10-14 16:54:15
118,Gabriela Santiago,Cortés Mendoza,113207265,3398261798,gabriela.cortés@gmail.com,Santander,Bucaramanga,La Concordia,Carrera 83 # 79-6,9,Tecnología,Analista Senior,C1,Junior,Empleado,2,2025-04-05 04:11:35
119,Mariana,Guerrero Guerrero,62497139,3788999206,mariana.guerrero29@outlook.com,Antioquia,Medellín,Robledo,Carrera 45 # 4-62,1,Energía,Líder Técnico,A2,Junior,Freelancer,3,2025-06-13 18:16:37
120,Paula,Ortega Rojas,68809636,3752803305,paula.ortega45@gmail.com,Valle del Cauca,Cali,Granada,Calle 104 # 91-15,0,Manufactura,BI Developer Senior,A2,Senior,Empleado,4,2025-01-29 17:00:15
121,Luisa,Gómez Sánchez,95963619,3663094168,,Cundinamarca,Soacha,Ciudad Verde,Carrera 58 # 76-55,6,Retail,BI Developer Senior,B1,Junior,Contratista,2,2024-12-04 05:45:21
122,Felipe Antonia,López Ramírez,90124068,3692048427,felipe.lópez86@outlook.com,Santander,Bucaramanga,Real de Minas,Calle 45 # 46-59,9,Salud,BI Developer Senior,B2,Senior,Freelancer,2,2024-12-29 05:55:39
123,Carlos Paola,Castro González,90050918,3287149161,carlos.castro66@empresa.com.co,Valle del Cauca,Cali,San Fernando,Carrera 63 # 82-69,10,Salud,Gerente de Producto de Datos,B1,Semisenior,Contratista,3,2025-02-08 12:43:50
124,Diana Santiago,García Rojas,139362950,3877838742,diana.garcía@empresa.com.co,Valle del Cauca,Cali,El Ingenio,Diagonal 88 # 63-54,7,Educación,Ingeniero de Datos,A2,Senior,Empleado,4,2025-05-01 01:54:39
125,Carlos,Pérez Gómez,86868379,3145955440,carlos.pérez73@gmail.com,Bogotá D.C.,Bogotá,Usaquén,Transversal 70 # 106-6,7,Telecom,Líder Técnico,A2,Senior,Freelancer,4,2025-05-05 10:39:25
126,Paula Ximena,Martínez Gómez,118810676,3957060874,paula.martínez@hotmail.com,Santander,Bucaramanga,Cabecera,Diagonal 22 # 79-18,3,Telecom,Científico de Datos,B2,Senior,Contratista,10,2025-01-24 23:44:30
127,Julián,Ortega Vera,133315049,3047221734,julián.ortega@empresa.com.co,Valle del Cauca,Cali,Granada,Carrera 90 # 111-17,3,Salud,BI Developer Senior,B2,Junior,Freelancer,7,2025-10-01 09:07:56
128,Tatiana Esteban,Vargas Gómez,79204468,3459535894,tatiana.vargas@empresa.com.co,Antioquia,Medellín,Robledo,Diagonal 42 # 75-1,1,Educación,BI Developer Senior,B2,Junior,Freelancer,7,2025-03-04 09:36:16
129,Sebastián Ximena,Torres Álvarez,115804325,3516497381,sebastián.torres@empresa.com.co,Atlántico,Barranquilla,Alto Prado,Diagonal 3 # 16-21,7,Educación,Científico de Datos,C1,Junior,Freelancer,3,2025-05-08 16:08:28
130,Juan,Ramírez Martínez,63196064,3441426254,juan.ramírez@gmail.com,Antioquia,Medellín,Belén,Calle 91 # 13-1,3,Educación,Científico de Datos,B1,Senior,Empleado,9,2025-08-27 21:36:29
131,Cristian Andrés,Moreno González,61414775,3123747542,cristian.moreno@hotmail.com,Bogotá D.C.,Bogotá,Chapinero,Transversal 113 # 39-18,6,Salud,BI Developer Senior,B1,Junior,Freelancer,10,2024-09-22 18:56:27
132,Paula José,Suárez González,21635070,3128792245,paula.suárez53@hotmail.com,Cundinamarca,Soacha,Ciudad Verde,Diagonal 45 # 55-41,2,Telecom,Analista Senior,A2,Junior,Freelancer,10,2025-04-25 12:16:08
133,Verónica,Torres Hernández,49666982,3042123815,verónica.torres@empresa.com.co,Santander,Bucaramanga,Cabecera,Calle 31 # 64-82,9,Finanzas,Gerente de Producto de Datos,A2,Semisenior,Contratista,3,2025-07-13 16:08:52
134,Felipe,Pérez Rojas,88834594,3111851322,felipe.pérez@gmail.com,Santander,Bucaramanga,La Concordia,Calle 119 # 8-51,8,Energía,BI Developer Senior,C1,Semisenior,Freelancer,7,2024-11-19 05:31:33
135,Valentina Andrés,Ortega Hernández,88710263,3151630244,valentina.ortega20@empresa.com.co,Cauca,Popayán,Bolívar,Carrera 8 # 32-12,6,Finanzas,Líder Técnico,A2,Semisenior,Freelancer,3,2024-12-17 23:32:21
136,Camila,Pérez Rojas,59911470,3246072958,camila.pérez45@hotmail.com,Bogotá D.C.,Bogotá,Engativá,Calle 99 # 116-4,5,Tecnología,Analista Senior,A2,Semisenior,Freelancer,10,2024-11-15 01:38:59
137,Manuela Antonia,Guerrero Pérez,113794455,3187029205,manuela.guerrero@outlook.com,Atlántico,Barranquilla,Villa Carolina,Calle 30 # 95-66,0,Retail,Científico de Datos,B1,Junior,Contratista,6,2025-07-10 16:12:54
138,Julia,Rodríguez Cortés,53191535,3365869014,julia.rodríguez92@hotmail.com,Antioquia,Medellín,Laureles,Transversal 35 # 106-10,9,Manufactura,Científico de Datos,A2,Junior,Empleado,9,2024-10-21 21:07:52
139,Paulo,Torres Torres,11069604,3536933626,paulo.torres@empresa.com.co,Atlántico,Barranquilla,Riomar,Transversal 95 # 80-32,7,Manufactura,Gerente de Producto de Datos,C1,Junior,Freelancer,9,2025-03-25 14:27:23
140,Julia,Sánchez Cortés,10196231,3651273379,julia.sánchez@outlook.com,Antioquia,Medellín,El Poblado,Carrera 54 # 63-8,2,Energía,Científico de Datos,A2,Junior,Freelancer,7,2025-07-02 12:42:50
141,Jorge Paola,Suárez Vargas,98911718,3241778964,jorge.suárez@empresa.com.co,Atlántico,Barranquilla,Riomar,Transversal 119 # 103-51,5,Manufactura,Líder Técnico,B2,Junior,Empleado,4,2024-12-30 22:16:08
142,Camila Antonia,Gómez Álvarez,139471080,3370655283,camila.gómez@outlook.com,Santander,Bucaramanga,Cabecera,Transversal 110 # 16-12,2,Energía,BI Developer Senior,A2,Junior,Contratista,3,2024-11-26 01:17:31
143,Felipe Alejandra,Vera Torres,137788243,3670693413,felipe.vera@gmail.com,Cauca,Popayán,Bolívar,Carrera 13 # 60-14,2,Finanzas,Científico de Datos,A2,Junior,Empleado,4,2025-07-24 08:20:47
144,Jorge,Martínez García,118622228,3222345163,jorge.martínez@empresa.com.co,Valle del Cauca,Cali,San Fernando,Transversal 16 # 6-60,0,Salud,Gerente de Producto de Datos,C1,Senior,Contratista,8,2024-10-09 02:33:00
145,Andrés Tomás,Pérez Ramírez,14650569,3993104469,andrés.pérez36@hotmail.com,Atlántico,Barranquilla,Villa Carolina,Transversal 64 # 53-71,7,Retail,Científico de Datos,B2,Semisenior,Empleado,7,2025-02-18 03:07:23
146,Tatiana,Cortés García,83083942,3756175477,tatiana.cortés49@empresa.com.co,Cauca,Popayán,Bolívar,Transversal 50 # 35-24,0,Manufactura,Gerente de Producto de Datos,B1,Junior,Contratista,1,2025-09-17 13:47:40
147,Marcela,Sánchez Pérez,45772648,3817503932,marcela.sánchez@hotmail.com,Cundinamarca,Soacha,San Humberto,Carrera 74 # 109-50,5,Salud,Ingeniero de Datos,B1,Senior,Contratista,6,2024-10-08 02:46:07
148,Jorge,Guerrero Hernández,75825262,3022114140,jorge.guerrero64@hotmail.com,Cauca,Popayán,La Esmeralda,Carrera 3 # 68-62,0,Manufactura,Gerente de Producto de Datos,B1,Junior,Contratista,3,2025-05-25 13:05:34
149,Camila,González López,60142505,3688653825,camila.gonzález68@gmail.com,Bogotá D.C.,Bogotá,Chapinero,Transversal 42 # 18-21,6,Educación,BI Developer Senior,B2,Junior,Freelancer,9,2025-06-20 08:40:14
150,David María,Torres González,124186666,3914346338,david.torres@empresa.com.co,Antioquia,Medellín,Robledo,Transversal 118 # 104-79,3,Finanzas,Líder Técnico,B1,Semisenior,Freelancer,2,2025-03-20 01:31:33
151,Andrés,Martínez Vera,11529494,3438143348,andrés.martínez82@empresa.com.co,Valle del Cauca,Cali,Granada,Calle 45 # 33-14,0,Retail,Líder Técnico,C1,Senior,Contratista,3,2025-08-03 18:50:12
152,Felipe,López Rojas,70570772,3114484588,felipe.lópez@hotmail.com,Atlántico,Barranquilla,Villa Carolina,Transversal 34 # 14-10,5,Salud,Líder Técnico,B1,Senior,Empleado,9,2024-11-27 12:33:26
153,Diana,García Moreno,31086112,3023590593,diana.garcía@empresa.com.co,Valle del Cauca,Cali,Ciudad Jardín,Carrera 53 # 90-71,8,Energía,BI Developer Senior,B2,Semisenior,Empleado,2,2024-10-24 18:13:55
154,Gabriela,González Rodríguez,21761279,3498854850,gabriela.gonzález@empresa.com.co,Atlántico,Barranquilla,Sur Oriente,Diagonal 26 # 13-4,3,Salud,BI Developer Senior,B2,Junior,Contratista,2,2025-05-13 17:05:03
155,Sebastián,Vera Ramírez,59797531,3659580252,sebastián.vera12@hotmail.com,Santander,Bucaramanga,La Concordia,Calle 34 # 57-60,4,Telecom,Analista Senior,A2,Junior,Freelancer,2,2024-11-21 18:39:37
156,Camilo,Guerrero Sánchez,119844488,3866187845,camilo.guerrero@empresa.com.co,Cauca,Popayán,La Esmeralda,Diagonal 74 # 113-31,7,Energía,Científico de Datos,C1,Senior,Empleado,9,2025-01-08 17:35:01
157,Andrés,Pérez Hernández,66824417,3168437492,andrés.pérez@gmail.com,Bogotá D.C.,Bogotá,Kennedy,Carrera 107 # 77-34,5,Finanzas,Científico de Datos,C1,Senior,Contratista,9,2025-05-27 12:24:16
158,Manuela,García Mendoza,65625517,3229891032,manuela.garcía76@gmail.com,Santander,Bucaramanga,Cabuya,Calle 119 # 14-73,1,Energía,Gerente de Producto de Datos,B2,Semisenior,Contratista,7,2025-09-28 08:55:00
159,Daniel Esteban,González Mendoza,63122402,3541887353,daniel.gonzález78@gmail.com,Cundinamarca,Soacha,El Danubio,Diagonal 118 # 35-48,0,Manufactura,Analista Senior,B2,Semisenior,Contratista,2,2025-03-12 06:23:40
160,Mariana,Álvarez Ramírez,35224301,3738372352,mariana.álvarez94@gmail.com,Antioquia,Medellín,Belén,Diagonal 95 # 63-67,5,Retail,Gerente de Producto de Datos,B1,Junior,Contratista,9,2025-07-26 12:36:15
161,Paulo,Pérez Hernández,14438720,3716785951,paulo.pérez@hotmail.com,Antioquia,Medellín,Robledo,Carrera 36 # 48-60,8,Tecnología,BI Developer Senior,A2,Senior,Empleado,4,2025-07-02 12:14:38
162,Paula Ximena,Rojas Guerrero,31946425,3422132198,paula.rojas71@outlook.com,Atlántico,Barranquilla,Sur Oriente,Diagonal 7 # 21-74,3,Telecom,BI Developer Senior,B1,Senior,Empleado,5,2025-07-31 06:43:39
163,Verónica,Vera García,90683906,3040033905,verónica.vera@hotmail.com,Cundinamarca,Soacha,San Mateo,Transversal 92 # 91-83,4,Tecnología,Líder Técnico,B2,Semisenior,Contratista,4,2025-09-13 16:50:30
164,David,Guerrero López,50060760,3174657836,david.guerrero1@outlook.com,Valle del Cauca,Cali,Ciudad Jardín,Transversal 82 # 42-36,4,Energía,Ingeniero de Datos,B1,Senior,Empleado,1,2025-07-27 01:54:03
165,Miguel Alejandra,Suárez Rojas,64304344,3614740436,miguel.suárez38@empresa.com.co,Cauca,Popayán,La Esmeralda,Carrera 44 # 93-29,10,Educación,BI Developer Senior,B2,Senior,Contratista,3,2025-02-03 21:34:38
166,Sebastián María,Cortés Pérez,39830361,3539974566,sebastián.cortés88@gmail.com,Valle del Cauca,Cali,San Fernando,Transversal 54 # 101-43,5,Energía,Gerente de Producto de Datos,B2,Semisenior,Empleado,8,2024-10-27 21:34:16
167,Sebastián,Ortega López,65446317,3030237141,sebastián.ortega88@outlook.com,Santander,Bucaramanga,Cabecera,Carrera 44 # 53-73,7,Salud,Analista Senior,B1,Junior,Contratista,6,2025-01-31 13:12:12
168,María,Hernández Pérez,115389223,3127368573,maría.hernández@empresa.com.co,Valle del Cauca,Cali,San Fernando,Diagonal 52 # 55-62,6,Retail,Científico de Datos,B1,Senior,Contratista,1,2025-05-24 11:26:54
169,María,Suárez Sánchez,27304799,3161479273,maría.suárez29@outlook.com,Santander,Bucaramanga,Real de Minas,Transversal 22 # 9-6,4,Energía,Líder Técnico,B2,Semisenior,Freelancer,3,2025-06-09 09:57:48
170,Marcela Tomás,Vargas García,38345472,3089147232,marcela.vargas@hotmail.com,Atlántico,Barranquilla,El Prado,Calle 47 # 92-84,0,Tecnología,BI Developer Senior,B2,Senior,Freelancer,1,2024-10-23 11:00:23
171,Tatiana,Rodríguez López,26588648,3843921959,tatiana.rodríguez54@empresa.com.co,Cauca,Popayán,Centro,Carrera 27 # 89-88,10,Retail,Analista Senior,C1,Senior,Empleado,9,2025-04-13 21:41:56
172,Nicolás,López Ortega,25302505,3176805406,nicolás.lópez@outlook.com,Cundinamarca,Soacha,Ciudad Verde,Carrera 100 # 34-67,3,Manufactura,BI Developer Senior,C1,Semisenior,Empleado,1,2025-10-06 17:40:57
173,Luisa Alejandra,Vera Martínez,137432487,3178679929,luisa.vera15@hotmail.com,Antioquia,Medellín,Buenos Aires,Calle 116 # 33-83,3,Educación,Analista Senior,B2,Semisenior,Empleado,2,2025-01-29 21:38:16
174,Verónica Natalia,Vera Álvarez,124252290,3011298197,verónica.vera@gmail.com,Santander,Bucaramanga,Cabecera,Carrera 43 # 46-57,9,Energía,BI Developer Senior,A2,Semisenior,Contratista,3,2024-12-13 14:56:33
175,Paula Esteban,Rojas Moreno,27785402,3031393688,paula.rojas@gmail.com,Atlántico,Barranquilla,Villa Carolina,Diagonal 103 # 73-87,7,Salud,Gerente de Producto de Datos,C1,Semisenior,Freelancer,1,2024-12-26 16:33:07
176,Ana,Gómez Rodríguez,11658959,3887396519,ana.gómez9@outlook.com,Atlántico,Barranquilla,Villa Carolina,Carrera 86 # 112-44,8,Finanzas,Líder Técnico,B1,Semisenior,Contratista,7,2025-01-09 16:04:48
177,María,Pérez Ortega,20048242,3753034742,maría.pérez61@hotmail.com,Santander,Bucaramanga,Cabecera,Transversal 7 # 65-29,8,Tecnología,Líder Técnico,B1,Junior,Contratista,8,2025-08-30 06:07:24
178,Paula Antonia,Suárez García,14809280,3883698792,,Bogotá D.C.,Bogotá,Kennedy,Calle 102 # 78-80,10,Energía,Gerente de Producto de Datos,B1,Senior,Freelancer,8,2025-06-07 22:56:35
179,David Antonia,Álvarez Cortés,106088283,3725303956,david.álvarez99@outlook.com,Valle del Cauca,Cali,San Fernando,Carrera 1 # 44-46,10,Energía,Gerente de Producto de Datos,B2,Senior,Empleado,1,2025-01-21 17:02:17
180,David,Moreno López,26206227,3638935933,david.moreno@hotmail.com,Atlántico,Barranquilla,Alto Prado,Carrera 92 # 44-14,6,Retail,BI Developer Senior,A2,Semisenior,Contratista,10,2025-10-12 19:53:03
181,María,Rodríguez Cortés,102854201,3933306944,maría.rodríguez56@hotmail.com,Antioquia,Medellín,Buenos Aires,Carrera 14 # 50-85,9,Manufactura,Gerente de Producto de Datos,C1,Semisenior,Freelancer,4,2025-04-16 17:09:25
182,Julián,González González,105546158,3894903891,julián.gonzález53@outlook.com,Atlántico,Barranquilla,El Prado,Carrera 80 # 92-38,10,Manufactura,BI Developer Senior,B1,Senior,Freelancer,3,2025-10-12 14:12:53
183,Cristian Santiago,Cortés Rojas,127773000,3611714029,cristian.cortés75@outlook.com,Cundinamarca,Soacha,San Humberto,Calle 49 # 19-7,10,Retail,Ingeniero de Datos,B2,Junior,Contratista,5,2025-01-07 22:34:59
184,Cristian,Hernández Cortés,23754633,3985414925,cristian.hernández5@empresa.com.co,Santander,Bucaramanga,Cabecera,Diagonal 31 # 66-90,4,Retail,Líder Técnico,C1,Semisenior,Freelancer,6,2024-10-27 23:54:21
185,Valentina Ximena,Gómez Sánchez,114172652,3349483865,valentina.gómez82@hotmail.com,Bogotá D.C.,Bogotá,Engativá,Calle 24 # 23-66,1,Tecnología,Científico de Datos,C1,Semisenior,Freelancer,5,2024-12-26 05:34:34
186,Verónica Santiago,Gómez González,90111922,3093935292,verónica.gómez@outlook.com,Antioquia,Medellín,Robledo,Transversal 63 # 102-74,8,Manufactura,Científico de Datos,B2,Senior,Empleado,3,2024-11-08 03:51:42
187,Nicolás,Vargas Martínez,99031246,3554434998,nicolás.vargas@hotmail.com,Santander,Bucaramanga,Real de Minas,Carrera 97 # 80-68,7,Retail,Científico de Datos,B2,Semisenior,Empleado,10,2025-03-24 14:13:40
188,Paulo Tomás,López Vargas,132317437,3860326016,paulo.lópez33@gmail.com,Bogotá D.C.,Bogotá,Engativá,Diagonal 63 # 6-38,10,Telecom,Analista Senior,A2,Junior,Empleado,9,2024-09-21 21:36:44
189,Sofía,Hernández Vera,82176148,3696779969,sofía.hernández@hotmail.com,Cauca,Popayán,Centro,Calle 96 # 88-20,0,Educación,BI Developer Senior,B2,Junior,Empleado,2,2024-10-28 08:35:25
190,Gabriela Ximena,Sánchez Ramírez,94586329,3668119636,gabriela.sánchez53@empresa.com.co,Antioquia,Medellín,Belén,Diagonal 87 # 16-69,0,Finanzas,BI Developer Senior,A2,Senior,Empleado,6,2025-10-11 18:31:13
191,Camilo,Mendoza Martínez,63031203,3073617549,camilo.mendoza37@empresa.com.co,Bogotá D.C.,Bogotá,Usaquén,Carrera 18 # 96-51,8,Energía,BI Developer Senior,B1,Semisenior,Freelancer,6,2024-09-24 20:48:54
192,Ana Ricardo,Mendoza Vargas,38192821,3538418851,ana.mendoza@outlook.com,Cundinamarca,Soacha,Ciudad Verde,Carrera 21 # 24-29,9,Energía,Ingeniero de Datos,A2,Junior,Freelancer,10,2024-10-28 10:49:54
193,Tatiana,Torres Vera,36496940,3975389589,tatiana.torres9@gmail.com,Santander,Bucaramanga,La Concordia,Transversal 17 # 86-84,3,Finanzas,Analista Senior,A2,Junior,Contratista,8,2025-09-01 05:36:36
194,Miguel Ricardo,González Guerrero,138669022,3632634412,,Valle del Cauca,Cali,Ciudad Jardín,Carrera 101 # 29-83,6,Energía,Analista Senior,B1,Senior,Freelancer,6,2025-09-23 23:57:02
195,Felipe,Rojas Cortés,122983543,3428790705,felipe.rojas@gmail.com,Atlántico,Barranquilla,Villa Carolina,Carrera 34 # 94-81,1,Finanzas,Científico de Datos,A2,Senior,Freelancer,7,2025-02-28 11:06:24
196,Valentina,Cortés Rojas,62680236,3389134873,valentina.cortés@outlook.com,Bogotá D.C.,Bogotá,Teusaquillo,Transversal 18 # 60-65,8,Finanzas,Líder Técnico,B2,Senior,Empleado,4,2025-01-23 00:30:29
197,Paula Ricardo,Guerrero Vera,15425057,3375450221,paula.guerrero19@outlook.com,Santander,Bucaramanga,Real de Minas,Transversal 48 # 30-6,10,Telecom,Gerente de Producto de Datos,B2,Semisenior,Contratista,8,2024-10-22 06:37:02
198,Luisa Isabel,Suárez Ramírez,60554391,3659029303,luisa.suárez95@hotmail.com,Bogotá D.C.,Bogotá,Engativá,Calle 67 # 33-49,3,Tecnología,Analista Senior,B2,Semisenior,Contratista,10,2024-09-21 07:57:00
199,Paula Andrés,Ortega Suárez,35086055,3258616740,paula.ortega@hotmail.com,Cundinamarca,Soacha,Ciudad Verde,Calle 85 # 30-54,5,Finanzas,Líder Técnico,C1,Semisenior,Empleado,10,2025-01-19 10:48:30
200,María Paola,Guerrero Guerrero,129560839,3929711900,maría.guerrero@gmail.com,Cauca,Popayán,Valle del Ortigal,Transversal 119 # 24-67,6,Retail,BI Developer Senior,B2,Junior,Empleado,8,2025-09-17 08:44:38
